JDK,GC_OPTS,VM_OPTS,PROG_OPTS,BINDING,DATA,RunTimestamp,Class,MedianRuntimeMs,Checksum,PerfRuntimeMs,JfrRuntimeMs,Instructions,Cycles,Branches,BranchMisses,L1Misses,LLCMisses,PageFaults,TaskClock,ContextSwitches,CpuMigrations,IPC,SecElapsed,SecUser,SecSys,GcPauseMs,AllocatedBytes,JitCompilationMs,GcPauseMs,AllocatedBytes,JitCompilationMs,GcPauseMs,AllocatedBytes,JitCompilationMs,GcPauseMs,AllocatedBytes,JitCompilationMs,GcPauseMs,AllocatedBytes,JitCompilationMs
JDK_21_OPEN,"-XX:+UseG1GC","-Xms2g -Xmx2g","-wc 0 -mc 1 -t 8","taskset -c 0-7",10k,20260508-213732,org.onebrc.again26.BRC100_DirectTempWrite,38,tNvyVnNau7CVVF2fueePRBSsePo5LV3s+SIneAfj0k1appwJJCqWag27xzUuU+3vFSEcGadeMjthc57sBmGOrw==,37,42,945846985,970909767,177716410,9003982,25732193,17485467,10040,296109014,521,12,0.97,0.22,0.23,0.09,0,21880480,0,0,21880480,0,0,21880480,0,0,21880480,0,0,21880480,0
JDK_21_OPEN,"-XX:+UseG1GC","-Xms2g -Xmx2g","-wc 0 -mc 1 -t 8","taskset -c 0-7",10k,20260508-213732,org.onebrc.again26.BRC101_ParseFrom65_VOID,38,tNvyVnNau7CVVF2fueePRBSsePo5LV3s+SIneAfj0k1appwJJCqWag27xzUuU+3vFSEcGadeMjthc57sBmGOrw==,42,32,944171655,969837310,180546758,9143252,25948949,18211936,10051,325401047,525,21,0.97,0.22,0.25,0.10,0,21879120,0,0,21879120,0,0,21879120,0,0,21879120,0,0,21879120,0
JDK_21_OPEN,"-XX:+UseG1GC","-Xms2g -Xmx2g","-wc 0 -mc 1 -t 8","taskset -c 0-7",10k,20260508-213732,org.onebrc.again26.BRC105_ParseTemp_95,36,tNvyVnNau7CVVF2fueePRBSsePo5LV3s+SIneAfj0k1appwJJCqWag27xzUuU+3vFSEcGadeMjthc57sBmGOrw==,39,44,967099555,912686434,178904940,8767348,21279714,17252460,10075,289645467,583,9,1.06,0.20,0.23,0.08,0,21876248,0,0,21876248,0,0,21876248,0,0,21876248,0,0,21876248,0
JDK_21_OPEN,"-XX:+UseG1GC","-Xms2g -Xmx2g","-wc 0 -mc 1 -t 8","taskset -c 0-7",10k,20260508-213732,org.onebrc.again26.BRC106_ParseTemp_105,36,tNvyVnNau7CVVF2fueePRBSsePo5LV3s+SIneAfj0k1appwJJCqWag27xzUuU+3vFSEcGadeMjthc57sBmGOrw==,46,49,932424717,978808167,177907691,9048077,26108340,18986647,9952,312870856,596,24,0.95,0.22,0.25,0.08,0,21878896,0,0,21878896,0,0,21878896,0,0,21878896,0,0,21878896,0
JDK_21_OPEN,"-XX:+UseG1GC","-Xms2g -Xmx2g","-wc 0 -mc 1 -t 8","taskset -c 0-7",10k,20260508-213732,org.onebrc.again26.BRC107_ParseTemp,55,tNvyVnNau7CVVF2fueePRBSsePo5LV3s+SIneAfj0k1appwJJCqWag27xzUuU+3vFSEcGadeMjthc57sBmGOrw==,49,47,957217515,1073802364,182806818,9521916,24987484,18921169,10165,357206600,819,38,0.89,0.23,0.29,0.09,0,21880312,0,0,21880312,0,0,21880312,0,0,21880312,0,0,21880312,0
JDK_21_OPEN,"-XX:+UseG1GC","-Xms2g -Xmx2g","-wc 0 -mc 1 -t 8","taskset -c 0-7",10k,20260508-213732,org.onebrc.again26.BRC110_EqualsCitySplit,41,tNvyVnNau7CVVF2fueePRBSsePo5LV3s+SIneAfj0k1appwJJCqWag27xzUuU+3vFSEcGadeMjthc57sBmGOrw==,56,36,971827405,1091513941,178310015,9470365,27461646,20039486,9866,397649158,604,20,0.89,0.26,0.31,0.11,0,21879024,0,0,21879024,0,0,21879024,0,0,21879024,0,0,21879024,0
JDK_21_OPEN,"-XX:+UseG1GC","-Xms2g -Xmx2g","-wc 0 -mc 1 -t 8","taskset -c 0-7",10k,20260508-213732,org.onebrc.again26.BRC111_EqualsCitySplit_Reverse,50,tNvyVnNau7CVVF2fueePRBSsePo5LV3s+SIneAfj0k1appwJJCqWag27xzUuU+3vFSEcGadeMjthc57sBmGOrw==,49,49,936593417,1042610925,176882955,9297416,27419795,19733304,10027,347257846,617,37,0.90,0.23,0.28,0.09,0,21880056,0,0,21880056,0,0,21880056,0,0,21880056,0,0,21880056,0
JDK_21_OPEN,"-XX:+UseG1GC","-Xms2g -Xmx2g","-wc 0 -mc 1 -t 8","taskset -c 0-7",10k,20260508-213732,org.onebrc.again26.BRC112_EqualsCityMismatch,0,ERROR,0,0,220857490,299199195,44999067,3159465,4801187,4708694,8066,85789032,154,10,0.74,0.10,0.05,0.05,0,21876408,0,0,21876408,0,0,21876408,0,0,21876408,0,0,21876408,0
JDK_21_OPEN,"-XX:+UseG1GC","-Xms2g -Xmx2g","-wc 0 -mc 1 -t 8","taskset -c 0-7",10k,20260508-213732,org.onebrc.again26.BRC113_EqualsCityMismatchSimple,0,ERROR,0,0,233875935,308562786,42300550,3044352,4769185,4838005,8062,101750900,147,22,0.76,0.13,0.05,0.07,0,21850760,0,0,21850760,0,0,21850760,0,0,21850760,0,0,21850760,0
JDK_21_OPEN,"-XX:+UseG1GC","-Xms2g -Xmx2g","-wc 0 -mc 1 -t 8","taskset -c 0-7",10k,20260508-213732,org.onebrc.again26.BRC010_NoStream,110,KKnym6bvAbvJKBh8OQTRvGyt/dxiPRE3zLCyGPqKquKooIT05rf/fD3F0IDhM9ZF4n0bSRi6c4x84xf0llwtoA==,125,150,1311105881,1650608484,252662885,12709769,35457971,24149097,11340,643281025,910,134,0.79,0.34,0.54,0.13,0,21876392,0,0,21876392,0,0,21876392,0,0,21876392,0,0,21876392,0
JDK_21_OPEN,"-XX:+UseG1GC","-Xms2g -Xmx2g","-wc 0 -mc 1 -t 8","taskset -c 0-7",10k,20260508-213732,org.onebrc.again26.BRC012_SplitRemoved,127,KKnym6bvAbvJKBh8OQTRvGyt/dxiPRE3zLCyGPqKquKooIT05rf/fD3F0IDhM9ZF4n0bSRi6c4x84xf0llwtoA==,169,257,1227447685,1737232621,242383006,12543891,32974352,23917545,11240,805972021,1233,167,0.71,0.48,0.67,0.18,0,21876608,0,0,21876608,0,0,21876608,0,0,21876608,0,0,21876608,0
JDK_21_OPEN,"-XX:+UseG1GC","-Xms2g -Xmx2g","-wc 0 -mc 1 -t 8","taskset -c 0-7",10k,20260508-213732,org.onebrc.again26.BRC014_NewParseDouble,140,OLmpjJYZirGroHNkK6ClaXESmpBUD7OE6AwSt62LUd04Rp7+XMFQIf9HqoG+IyX6j+8LBCbMRtD5d0M4apQY6A==,151,74,1108505073,1581546316,211718521,11901617,30992213,21871007,10812,745232730,1267,151,0.70,0.54,0.60,0.19,0,21876248,0,0,21876248,0,0,21876248,0,0,21876248,0,0,21876248,0
JDK_21_OPEN,"-XX:+UseG1GC","-Xms2g -Xmx2g","-wc 0 -mc 1 -t 8","taskset -c 0-7",10k,20260508-213732,org.onebrc.again26.BRC015_ParseDoubleSimpler1,91,OLmpjJYZirGroHNkK6ClaXESmpBUD7OE6AwSt62LUd04Rp7+XMFQIf9HqoG+IyX6j+8LBCbMRtD5d0M4apQY6A==,129,74,1166456648,1490712888,215436072,11880454,30696607,22046544,10812,687975815,881,129,0.78,0.39,0.57,0.15,0,21876040,0,0,21876040,0,0,21876040,0,0,21876040,0,0,21876040,0
JDK_21_OPEN,"-XX:+UseG1GC","-Xms2g -Xmx2g","-wc 0 -mc 1 -t 8","taskset -c 0-7",10k,20260508-213732,org.onebrc.again26.BRC016_NoExtraString,78,OLmpjJYZirGroHNkK6ClaXESmpBUD7OE6AwSt62LUd04Rp7+XMFQIf9HqoG+IyX6j+8LBCbMRtD5d0M4apQY6A==,82,63,1131593547,1188292718,210315245,10768317,35017680,22534999,10652,443695742,893,58,0.95,0.26,0.37,0.10,0,21877296,0,0,21877296,0,0,21877296,0,0,21877296,0,0,21877296,0
JDK_21_OPEN,"-XX:+UseG1GC","-Xms2g -Xmx2g","-wc 0 -mc 1 -t 8","taskset -c 0-7",10k,20260508-213732,org.onebrc.again26.BRC017_ParseDoubleSimpler2,68,OLmpjJYZirGroHNkK6ClaXESmpBUD7OE6AwSt62LUd04Rp7+XMFQIf9HqoG+IyX6j+8LBCbMRtD5d0M4apQY6A==,79,96,1135308792,1298529269,212666549,10890357,34298800,21602625,10471,464395770,856,89,0.87,0.28,0.39,0.10,0,21877376,0,0,21877376,0,0,21877376,0,0,21877376,0,0,21877376,0
JDK_21_OPEN,"-XX:+UseG1GC","-Xms2g -Xmx2g","-wc 0 -mc 1 -t 8","taskset -c 0-7",10k,20260508-213732,org.onebrc.again26.BRC020_IntegerValue,81,tNvyVnNau7CVVF2fueePRBSsePo5LV3s+SIneAfj0k1appwJJCqWag27xzUuU+3vFSEcGadeMjthc57sBmGOrw==,94,83,1115336002,1274694620,213542572,10844748,31578232,21636065,10637,532614805,853,64,0.87,0.34,0.43,0.14,0,21875496,0,0,21875496,0,0,21875496,0,0,21875496,0,0,21875496,0
JDK_21_OPEN,"-XX:+UseG1GC","-Xms2g -Xmx2g","-wc 0 -mc 1 -t 8","taskset -c 0-7",10k,20260508-213732,org.onebrc.again26.BRC021_LooplessParsing,83,tNvyVnNau7CVVF2fueePRBSsePo5LV3s+SIneAfj0k1appwJJCqWag27xzUuU+3vFSEcGadeMjthc57sBmGOrw==,89,88,1098513388,1215571539,211957222,10543043,31865119,22251329,10468,465559111,850,43,0.90,0.28,0.38,0.11,0,21879136,0,0,21879136,0,0,21879136,0,0,21879136,0,0,21879136,0
JDK_21_OPEN,"-XX:+UseG1GC","-Xms2g -Xmx2g","-wc 0 -mc 1 -t 8","taskset -c 0-7",10k,20260508-213732,org.onebrc.again26.BRC022_LooplessParsing2,80,tNvyVnNau7CVVF2fueePRBSsePo5LV3s+SIneAfj0k1appwJJCqWag27xzUuU+3vFSEcGadeMjthc57sBmGOrw==,75,62,1130595500,1183230950,208649235,10435480,29790141,21209705,10533,461613284,831,48,0.96,0.28,0.37,0.12,0,21880104,0,0,21880104,0,0,21880104,0,0,21880104,0,0,21880104,0
JDK_21_OPEN,"-XX:+UseG1GC","-Xms2g -Xmx2g","-wc 0 -mc 1 -t 8","taskset -c 0-7",10k,20260508-213732,org.onebrc.again26.BRC025_MutateData,0,ERROR,0,0,267572419,307837185,49425896,3280852,5738466,5371750,7961,93122792,164,15,0.87,0.11,0.06,0.06,0,22104912,0,0,22104912,0,0,22104912,0,0,22104912,0,0,22104912,0
JDK_21_OPEN,"-XX:+UseG1GC","-Xms2g -Xmx2g","-wc 0 -mc 1 -t 8","taskset -c 0-7",10k,20260508-213732,org.onebrc.again26.BRC027_SizedMap,67,tNvyVnNau7CVVF2fueePRBSsePo5LV3s+SIneAfj0k1appwJJCqWag27xzUuU+3vFSEcGadeMjthc57sBmGOrw==,71,78,1101264205,1124169374,214014598,10522590,29898969,21762666,10304,429970994,792,25,0.98,0.26,0.36,0.09,0,21880408,0,0,21880408,0,0,21880408,0,0,21880408,0,0,21880408,0
JDK_21_OPEN,"-XX:+UseG1GC","-Xms2g -Xmx2g","-wc 0 -mc 1 -t 8","taskset -c 0-7",10k,20260508-213732,org.onebrc.again26.BRC030_OpenMap,70,tNvyVnNau7CVVF2fueePRBSsePo5LV3s+SIneAfj0k1appwJJCqWag27xzUuU+3vFSEcGadeMjthc57sBmGOrw==,90,79,1131739825,1218993691,216424306,10834578,33119750,22645377,10491,486605307,868,36,0.93,0.29,0.40,0.12,0,21876168,0,0,21876168,0,0,21876168,0,0,21876168,0,0,21876168,0
JDK_21_OPEN,"-XX:+UseG1GC","-Xms2g -Xmx2g","-wc 0 -mc 1 -t 8","taskset -c 0-7",10k,20260508-213732,org.onebrc.again26.BRC031_OpenMapLessCasting,59,tNvyVnNau7CVVF2fueePRBSsePo5LV3s+SIneAfj0k1appwJJCqWag27xzUuU+3vFSEcGadeMjthc57sBmGOrw==,60,65,1144391807,1098455240,213613763,10605179,30867589,20537266,10490,367677895,871,17,1.04,0.22,0.30,0.09,0,21876208,0,0,21876208,0,0,21876208,0,0,21876208,0,0,21876208,0
JDK_21_OPEN,"-XX:+UseG1GC","-Xms2g -Xmx2g","-wc 0 -mc 1 -t 8","taskset -c 0-7",10k,20260508-213732,org.onebrc.again26.BRC033_SimplerLambda,77,tNvyVnNau7CVVF2fueePRBSsePo5LV3s+SIneAfj0k1appwJJCqWag27xzUuU+3vFSEcGadeMjthc57sBmGOrw==,63,87,1136057264,1097715323,211691680,10374207,29737598,20892442,10498,358484463,850,22,1.03,0.21,0.30,0.08,0,21875912,0,0,21875912,0,0,21875912,0,0,21875912,0,0,21875912,0
JDK_21_OPEN,"-XX:+UseG1GC","-Xms2g -Xmx2g","-wc 0 -mc 1 -t 8","taskset -c 0-7",10k,20260508-213732,org.onebrc.again26.BRC035_NoLambda,57,tNvyVnNau7CVVF2fueePRBSsePo5LV3s+SIneAfj0k1appwJJCqWag27xzUuU+3vFSEcGadeMjthc57sBmGOrw==,55,46,1109194237,1117473316,204676587,10282052,30220761,20866151,10325,386922434,887,22,0.99,0.22,0.32,0.09,0,21875936,0,0,21875936,0,0,21875936,0,0,21875936,0,0,21875936,0
JDK_21_OPEN,"-XX:+UseG1GC","-Xms2g -Xmx2g","-wc 0 -mc 1 -t 8","taskset -c 0-7",10k,20260508-213732,org.onebrc.again26.BRC036_TurnedIfs,53,tNvyVnNau7CVVF2fueePRBSsePo5LV3s+SIneAfj0k1appwJJCqWag27xzUuU+3vFSEcGadeMjthc57sBmGOrw==,63,45,1176878504,1171352967,225479590,10744446,34294083,23369632,11168,395412437,797,9,1.00,0.22,0.31,0.11,0,21878848,0,0,21878848,0,0,21878848,0,0,21878848,0,0,21878848,0
JDK_21_OPEN,"-XX:+UseG1GC","-Xms2g -Xmx2g","-wc 0 -mc 1 -t 8","taskset -c 0-7",10k,20260508-213732,org.onebrc.again26.BRC037_LessNullChecks,53,tNvyVnNau7CVVF2fueePRBSsePo5LV3s+SIneAfj0k1appwJJCqWag27xzUuU+3vFSEcGadeMjthc57sBmGOrw==,52,62,1082697465,1032676406,206130817,10069282,27258453,20044436,10403,336252973,852,14,1.05,0.20,0.28,0.08,0,21876128,0,0,21876128,0,0,21876128,0,0,21876128,0,0,21876128,0
JDK_21_OPEN,"-XX:+UseG1GC","-Xms2g -Xmx2g","-wc 0 -mc 1 -t 8","taskset -c 0-7",10k,20260508-213732,org.onebrc.again26.BRC040_ASetIsGoodEnough,77,tNvyVnNau7CVVF2fueePRBSsePo5LV3s+SIneAfj0k1appwJJCqWag27xzUuU+3vFSEcGadeMjthc57sBmGOrw==,68,61,1083429093,1194213292,207197462,10220679,32368347,21856549,10388,407306811,843,41,0.91,0.24,0.34,0.09,0,21854456,0,0,21854456,0,0,21854456,0,0,21854456,0,0,21854456,0
JDK_21_OPEN,"-XX:+UseG1GC","-Xms2g -Xmx2g","-wc 0 -mc 1 -t 8","taskset -c 0-7",10k,20260508-213732,org.onebrc.again26.BRC041_DirectUpdate,53,tNvyVnNau7CVVF2fueePRBSsePo5LV3s+SIneAfj0k1appwJJCqWag27xzUuU+3vFSEcGadeMjthc57sBmGOrw==,54,53,1073381550,1037246367,205594092,9957824,27054898,19626059,10353,352051487,862,16,1.03,0.21,0.28,0.09,0,21879992,0,0,21879992,0,0,21879992,0,0,21879992,0,0,21879992,0
JDK_21_OPEN,"-XX:+UseG1GC","-Xms2g -Xmx2g","-wc 0 -mc 1 -t 8","taskset -c 0-7",10k,20260508-213732,org.onebrc.again26.BRC042_NoSplittedString,51,tNvyVnNau7CVVF2fueePRBSsePo5LV3s+SIneAfj0k1appwJJCqWag27xzUuU+3vFSEcGadeMjthc57sBmGOrw==,56,67,1278163709,1222956282,240048264,11206723,33089320,22235585,12077,408156544,670,15,1.05,0.21,0.35,0.08,0,21876000,0,0,21876000,0,0,21876000,0,0,21876000,0,0,21876000,0
JDK_21_OPEN,"-XX:+UseG1GC","-Xms2g -Xmx2g","-wc 0 -mc 1 -t 8","taskset -c 0-7",10k,20260508-213732,org.onebrc.again26.BRC045_KeepChars,54,tNvyVnNau7CVVF2fueePRBSsePo5LV3s+SIneAfj0k1appwJJCqWag27xzUuU+3vFSEcGadeMjthc57sBmGOrw==,79,49,1112740071,1212278588,209557652,10206934,25960170,21040022,10332,431651222,889,35,0.92,0.26,0.36,0.10,0,21876104,0,0,21876104,0,0,21876104,0,0,21876104,0,0,21876104,0
JDK_21_OPEN,"-XX:+UseG1GC","-Xms2g -Xmx2g","-wc 0 -mc 1 -t 8","taskset -c 0-7",10k,20260508-213732,org.onebrc.again26.BRC047_IntOnly,50,tNvyVnNau7CVVF2fueePRBSsePo5LV3s+SIneAfj0k1appwJJCqWag27xzUuU+3vFSEcGadeMjthc57sBmGOrw==,53,58,1096566129,1046689484,206704461,9987188,27091120,20813487,10149,349627756,819,25,1.05,0.21,0.29,0.08,0,21851968,0,0,21851968,0,0,21851968,0,0,21851968,0,0,21851968,0
JDK_21_OPEN,"-XX:+UseG1GC","-Xms2g -Xmx2g","-wc 0 -mc 1 -t 8","taskset -c 0-7",10k,20260508-213732,org.onebrc.again26.BRC048_ImprovedStringHandling,59,tNvyVnNau7CVVF2fueePRBSsePo5LV3s+SIneAfj0k1appwJJCqWag27xzUuU+3vFSEcGadeMjthc57sBmGOrw==,74,77,1091478025,1154304520,208678765,10220083,31155456,22061511,10434,421303316,881,14,0.95,0.25,0.32,0.13,0,21876152,0,0,21876152,0,0,21876152,0,0,21876152,0,0,21876152,0
JDK_21_OPEN,"-XX:+UseG1GC","-Xms2g -Xmx2g","-wc 0 -mc 1 -t 8","taskset -c 0-7",10k,20260508-213732,org.onebrc.again26.BRC049_ManualMinMax,58,tNvyVnNau7CVVF2fueePRBSsePo5LV3s+SIneAfj0k1appwJJCqWag27xzUuU+3vFSEcGadeMjthc57sBmGOrw==,60,46,1128284321,1098697079,208278598,9964491,25954051,20577411,10415,402928481,850,13,1.03,0.23,0.32,0.10,0,21876160,0,0,21876160,0,0,21876160,0,0,21876160,0,0,21876160,0
JDK_21_OPEN,"-XX:+UseG1GC","-Xms2g -Xmx2g","-wc 0 -mc 1 -t 8","taskset -c 0-7",10k,20260508-213732,org.onebrc.again26.BRC050_LargerSet,55,tNvyVnNau7CVVF2fueePRBSsePo5LV3s+SIneAfj0k1appwJJCqWag27xzUuU+3vFSEcGadeMjthc57sBmGOrw==,56,67,1116744485,1079718591,206304307,9979830,27361667,20567897,10270,365932853,818,37,1.03,0.22,0.30,0.08,0,21876184,0,0,21876184,0,0,21876184,0,0,21876184,0,0,21876184,0
JDK_21_OPEN,"-XX:+UseG1GC","-Xms2g -Xmx2g","-wc 0 -mc 1 -t 8","taskset -c 0-7",10k,20260508-213732,org.onebrc.again26.BRC060_ReadingBytes,54,tNvyVnNau7CVVF2fueePRBSsePo5LV3s+SIneAfj0k1appwJJCqWag27xzUuU+3vFSEcGadeMjthc57sBmGOrw==,50,50,1111196628,1049945386,211668052,9844414,26769542,20169794,10369,353409127,792,14,1.06,0.20,0.28,0.09,0,21879984,0,0,21879984,0,0,21879984,0,0,21879984,0,0,21879984,0
JDK_21_OPEN,"-XX:+UseG1GC","-Xms2g -Xmx2g","-wc 0 -mc 1 -t 8","taskset -c 0-7",10k,20260508-213732,org.onebrc.again26.BRC061_RandomAccessFile,48,tNvyVnNau7CVVF2fueePRBSsePo5LV3s+SIneAfj0k1appwJJCqWag27xzUuU+3vFSEcGadeMjthc57sBmGOrw==,40,40,930982220,876701337,179348681,8878477,21751037,17545561,9683,327029577,561,12,1.06,0.21,0.26,0.10,0,21880016,0,0,21880016,0,0,21880016,0,0,21880016,0,0,21880016,0
JDK_21_OPEN,"-XX:+UseG1GC","-Xms2g -Xmx2g","-wc 0 -mc 1 -t 8","taskset -c 0-7",10k,20260508-213732,org.onebrc.again26.BRC063_OneAddLess,37,tNvyVnNau7CVVF2fueePRBSsePo5LV3s+SIneAfj0k1appwJJCqWag27xzUuU+3vFSEcGadeMjthc57sBmGOrw==,38,56,958586119,893022530,177643849,8754352,22621411,17422043,9734,294996596,526,8,1.07,0.19,0.24,0.07,0,21876240,0,0,21876240,0,0,21876240,0,0,21876240,0,0,21876240,0
JDK_21_OPEN,"-XX:+UseG1GC","-Xms2g -Xmx2g","-wc 0 -mc 1 -t 8","taskset -c 0-7",10k,20260508-213732,org.onebrc.again26.BRC065_OneLoopLess,66,tNvyVnNau7CVVF2fueePRBSsePo5LV3s+SIneAfj0k1appwJJCqWag27xzUuU+3vFSEcGadeMjthc57sBmGOrw==,87,69,952102594,1026056392,179747255,9519793,28520357,21588185,10175,629870980,592,28,0.93,0.38,0.52,0.16,0,21878896,0,0,21878896,0,0,21878896,0,0,21878896,0,0,21878896,0
JDK_21_OPEN,"-XX:+UseG1GC","-Xms2g -Xmx2g","-wc 0 -mc 1 -t 8","taskset -c 0-7",10k,20260508-213732,org.onebrc.again26.BRC067_ParseDifferently,65,tNvyVnNau7CVVF2fueePRBSsePo5LV3s+SIneAfj0k1appwJJCqWag27xzUuU+3vFSEcGadeMjthc57sBmGOrw==,39,45,997466828,959739594,180022524,9339121,25413246,18702488,10356,302183077,800,12,1.04,0.20,0.24,0.09,0,21877376,0,0,21877376,0,0,21877376,0,0,21877376,0,0,21877376,0
JDK_21_OPEN,"-XX:+UseG1GC","-Xms2g -Xmx2g","-wc 0 -mc 1 -t 8","taskset -c 0-7",10k,20260508-213732,org.onebrc.again26.BRC068_InlineParsing,41,tNvyVnNau7CVVF2fueePRBSsePo5LV3s+SIneAfj0k1appwJJCqWag27xzUuU+3vFSEcGadeMjthc57sBmGOrw==,44,52,968331253,970639867,181424770,9083327,24186094,17917148,10167,353154772,538,16,1.00,0.23,0.27,0.11,0,21851680,0,0,21851680,0,0,21851680,0,0,21851680,0,0,21851680,0
JDK_21_OPEN,"-XX:+UseG1GC","-Xms2g -Xmx2g","-wc 0 -mc 1 -t 8","taskset -c 0-7",10k,20260508-213732,org.onebrc.again26.BRC069_InlineParsing_65,46,tNvyVnNau7CVVF2fueePRBSsePo5LV3s+SIneAfj0k1appwJJCqWag27xzUuU+3vFSEcGadeMjthc57sBmGOrw==,43,40,958904742,1012901504,185386210,9080258,22055761,18203071,10156,341599393,594,27,0.95,0.22,0.27,0.09,0,21879016,0,0,21879016,0,0,21879016,0,0,21879016,0,0,21879016,0
JDK_21_OPEN,"-XX:+UseG1GC","-Xms2g -Xmx2g","-wc 0 -mc 1 -t 8","taskset -c 0-7",10k,20260508-213732,org.onebrc.again26.BRC070_EqualsCity,44,tNvyVnNau7CVVF2fueePRBSsePo5LV3s+SIneAfj0k1appwJJCqWag27xzUuU+3vFSEcGadeMjthc57sBmGOrw==,53,42,959479128,985406257,182363359,8961522,24017347,18937261,10200,352905883,623,25,0.97,0.24,0.28,0.10,0,21876456,0,0,21876456,0,0,21876456,0,0,21876456,0,0,21876456,0
JDK_21_OPEN,"-XX:+UseG1GC","-Xms2g -Xmx2g","-wc 0 -mc 1 -t 8","taskset -c 0-7",10k,20260508-213732,org.onebrc.again26.BRC072_ReadDirectNotViaBuffer,56,tNvyVnNau7CVVF2fueePRBSsePo5LV3s+SIneAfj0k1appwJJCqWag27xzUuU+3vFSEcGadeMjthc57sBmGOrw==,43,47,923940830,918845292,170952028,8762960,22037477,17977410,9533,333462164,596,15,1.01,0.23,0.26,0.10,0,21876344,0,0,21876344,0,0,21876344,0,0,21876344,0,0,21876344,0
JDK_21_OPEN,"-XX:+UseG1GC","-Xms2g -Xmx2g","-wc 0 -mc 1 -t 8","taskset -c 0-7",10k,20260508-213732,org.onebrc.again26.BRC075_LargeByteBuffer,51,tNvyVnNau7CVVF2fueePRBSsePo5LV3s+SIneAfj0k1appwJJCqWag27xzUuU+3vFSEcGadeMjthc57sBmGOrw==,49,43,930559616,963484209,176039715,8795499,23710365,19401226,10039,313104940,644,30,0.97,0.21,0.25,0.08,0,21852504,0,0,21852504,0,0,21852504,0,0,21852504,0,0,21852504,0
JDK_21_OPEN,"-XX:+UseG1GC","-Xms2g -Xmx2g","-wc 0 -mc 1 -t 8","taskset -c 0-7",10k,20260508-213732,org.onebrc.again26.BRC077_LessAdditions,36,tNvyVnNau7CVVF2fueePRBSsePo5LV3s+SIneAfj0k1appwJJCqWag27xzUuU+3vFSEcGadeMjthc57sBmGOrw==,37,40,907724522,866041530,170220547,8545081,21690679,17412569,10077,282252363,597,14,1.05,0.19,0.22,0.08,0,21877336,0,0,21877336,0,0,21877336,0,0,21877336,0,0,21877336,0
JDK_21_OPEN,"-XX:+UseG1GC","-Xms2g -Xmx2g","-wc 0 -mc 1 -t 8","taskset -c 0-7",10k,20260508-213732,org.onebrc.again26.BRC078_CalculateEarlier,42,tNvyVnNau7CVVF2fueePRBSsePo5LV3s+SIneAfj0k1appwJJCqWag27xzUuU+3vFSEcGadeMjthc57sBmGOrw==,38,46,902106735,934336305,172709919,8894839,24921575,18209227,10010,313981200,595,18,0.97,0.21,0.25,0.08,0,21876160,0,0,21876160,0,0,21876160,0,0,21876160,0,0,21876160,0
JDK_21_OPEN,"-XX:+UseG1GC","-Xms2g -Xmx2g","-wc 0 -mc 1 -t 8","taskset -c 0-7",10k,20260508-213732,org.onebrc.again26.BRC079_RunWithoutByteBuffer,38,tNvyVnNau7CVVF2fueePRBSsePo5LV3s+SIneAfj0k1appwJJCqWag27xzUuU+3vFSEcGadeMjthc57sBmGOrw==,38,51,913796683,900058659,172715406,8633725,21992726,17979663,10104,304470284,609,20,1.02,0.22,0.23,0.10,0,21876144,0,0,21876144,0,0,21876144,0,0,21876144,0,0,21876144,0
JDK_21_OPEN,"-XX:+UseG1GC","-Xms2g -Xmx2g","-wc 0 -mc 1 -t 8","taskset -c 0-7",10k,20260508-213732,org.onebrc.again26.BRC080_JDKArrayUtils,38,tNvyVnNau7CVVF2fueePRBSsePo5LV3s+SIneAfj0k1appwJJCqWag27xzUuU+3vFSEcGadeMjthc57sBmGOrw==,38,37,954929684,902971368,169662159,8721912,22877016,16956773,10104,299667665,796,14,1.06,0.19,0.24,0.08,0,21876544,0,0,21876544,0,0,21876544,0,0,21876544,0,0,21876544,0
JDK_21_OPEN,"-XX:+UseG1GC","-Xms2g -Xmx2g","-wc 0 -mc 1 -t 8","taskset -c 0-7",10k,20260508-213732,org.onebrc.again26.BRC081_LoopUnroll,44,tNvyVnNau7CVVF2fueePRBSsePo5LV3s+SIneAfj0k1appwJJCqWag27xzUuU+3vFSEcGadeMjthc57sBmGOrw==,58,41,947682551,1051873677,182758687,9491625,25920775,19486171,10147,407272004,893,49,0.90,0.25,0.32,0.11,0,21880096,0,0,21880096,0,0,21880096,0,0,21880096,0,0,21880096,0
JDK_21_OPEN,"-XX:+UseG1GC","-Xms2g -Xmx2g","-wc 0 -mc 1 -t 8","taskset -c 0-7",10k,20260508-213732,org.onebrc.again26.BRC082_VectorSearchOnlyForLargeArray,37,tNvyVnNau7CVVF2fueePRBSsePo5LV3s+SIneAfj0k1appwJJCqWag27xzUuU+3vFSEcGadeMjthc57sBmGOrw==,39,38,958440896,926650452,177618629,8764322,22773465,17602530,9986,306570420,566,17,1.03,0.20,0.25,0.08,0,21876128,0,0,21876128,0,0,21876128,0,0,21876128,0,0,21876128,0
JDK_21_OPEN,"-XX:+UseG1GC","-Xms2g -Xmx2g","-wc 0 -mc 1 -t 8","taskset -c 0-7",10k,20260508-213732,org.onebrc.again26.BRC083_MainLoop,38,tNvyVnNau7CVVF2fueePRBSsePo5LV3s+SIneAfj0k1appwJJCqWag27xzUuU+3vFSEcGadeMjthc57sBmGOrw==,38,40,956835173,913991285,179083708,8880476,22869144,17767634,9807,293236242,556,14,1.05,0.20,0.22,0.09,0,21876968,0,0,21876968,0,0,21876968,0,0,21876968,0,0,21876968,0
JDK_21_OPEN,"-XX:+UseG1GC","-Xms2g -Xmx2g","-wc 0 -mc 1 -t 8","taskset -c 0-7",10k,20260508-213732,org.onebrc.again26.BRC090_MemorySegment_VOID,0,ERROR,0,0,250617019,303158497,50663472,3237747,5609187,5278952,7955,90806117,153,15,0.83,0.12,0.05,0.05,0,22101448,0,0,22101448,0,0,22101448,0,0,22101448,0,0,22101448,0
JDK_21_OPEN,"-XX:+UseG1GC","-Xms2g -Xmx2g","-wc 0 -mc 1 -t 8","taskset -c 0-7",10k,20260508-213732,org.onebrc.again26.BRC091_Reviewed83,45,tNvyVnNau7CVVF2fueePRBSsePo5LV3s+SIneAfj0k1appwJJCqWag27xzUuU+3vFSEcGadeMjthc57sBmGOrw==,39,41,970329958,932129931,176140462,9194497,23222576,18114651,10064,334192639,804,28,1.04,0.22,0.26,0.10,0,21880000,0,0,21880000,0,0,21880000,0,0,21880000,0,0,21880000,0
JDK_21_OPEN,"-XX:+UseG1GC","-Xms2g -Xmx2g","-wc 0 -mc 1 -t 8","taskset -c 0-7",10k,20260508-213732,org.onebrc.again26.BRC092_ParseIntegerLessBranches_VOID,42,tNvyVnNau7CVVF2fueePRBSsePo5LV3s+SIneAfj0k1appwJJCqWag27xzUuU+3vFSEcGadeMjthc57sBmGOrw==,44,45,952635446,956695526,177691470,9179832,24360550,18861948,9940,339362730,841,23,1.00,0.22,0.26,0.11,0,21876248,0,0,21876248,0,0,21876248,0,0,21876248,0,0,21876248,0
JDK_21_OPEN,"-XX:+UseG1GC","-Xms2g -Xmx2g","-wc 0 -mc 1 -t 8","taskset -c 0-7",10k,20260508-213732,org.onebrc.again26.BRC093_ParseIntegerLessCode_VOID,42,tNvyVnNau7CVVF2fueePRBSsePo5LV3s+SIneAfj0k1appwJJCqWag27xzUuU+3vFSEcGadeMjthc57sBmGOrw==,60,38,939984790,972818443,182590945,9166074,23800315,18825000,9900,400757218,588,23,0.97,0.25,0.32,0.10,0,21879104,0,0,21879104,0,0,21879104,0,0,21879104,0,0,21879104,0
JDK_21_OPEN,"-XX:+UseG1GC","-Xms2g -Xmx2g","-wc 0 -mc 1 -t 8","taskset -c 0-7",10k,20260508-213732,org.onebrc.again26.BRC094_Reviewed91,42,tNvyVnNau7CVVF2fueePRBSsePo5LV3s+SIneAfj0k1appwJJCqWag27xzUuU+3vFSEcGadeMjthc57sBmGOrw==,47,37,952370503,975650719,175917247,9169907,24305818,18666627,9908,325190330,614,26,0.98,0.22,0.26,0.09,0,21880104,0,0,21880104,0,0,21880104,0,0,21880104,0,0,21880104,0
JDK_21_OPEN,"-XX:+UseG1GC","-Xms2g -Xmx2g","-wc 0 -mc 1 -t 8","taskset -c 0-7",10k,20260508-213732,org.onebrc.again26.BRC095_Hash,51,tNvyVnNau7CVVF2fueePRBSsePo5LV3s+SIneAfj0k1appwJJCqWag27xzUuU+3vFSEcGadeMjthc57sBmGOrw==,37,50,929343758,916755892,183618360,8978775,22726974,18017737,10139,298296771,606,14,1.01,0.20,0.23,0.09,0,21876056,0,0,21876056,0,0,21876056,0,0,21876056,0,0,21876056,0
JDK_21_OPEN,"-XX:+UseG1GC","-Xms2g -Xmx2g","-wc 0 -mc 1 -t 8","taskset -c 0-7",10k,20260508-213732,org.onebrc.again26.BRC096_ReadInt_VOID,39,tNvyVnNau7CVVF2fueePRBSsePo5LV3s+SIneAfj0k1appwJJCqWag27xzUuU+3vFSEcGadeMjthc57sBmGOrw==,42,47,956635579,981864694,188347368,9304586,24165786,18887978,10143,345412458,787,19,0.97,0.22,0.26,0.12,0,21878896,0,0,21878896,0,0,21878896,0,0,21878896,0,0,21878896,0
JDK_21_OPEN,"-XX:+UseG1GC","-Xms2g -Xmx2g","-wc 0 -mc 1 -t 8","taskset -c 0-7",10k,20260508-213732,org.onebrc.again26.BRC097_EqualsCity,40,tNvyVnNau7CVVF2fueePRBSsePo5LV3s+SIneAfj0k1appwJJCqWag27xzUuU+3vFSEcGadeMjthc57sBmGOrw==,36,44,961618685,884639597,177738289,8891124,22514212,17303222,10145,292713921,551,8,1.09,0.20,0.24,0.08,0,21879984,0,0,21879984,0,0,21879984,0,0,21879984,0,0,21879984,0
JDK_21_OPEN,"-XX:+UseG1GC","-Xms2g -Xmx2g","-wc 0 -mc 1 -t 8","taskset -c 0-7",10k,20260508-213732,org.onebrc.again26.BRC098_ParseTemperature_VOID,39,tNvyVnNau7CVVF2fueePRBSsePo5LV3s+SIneAfj0k1appwJJCqWag27xzUuU+3vFSEcGadeMjthc57sBmGOrw==,38,44,941122570,887962603,175400469,8752352,21893672,18032296,10086,296000613,577,22,1.06,0.20,0.23,0.08,0,21880176,0,0,21880176,0,0,21880176,0,0,21880176,0,0,21880176,0
JDK_21_OPEN,"-XX:+UseG1GC","-Xms2g -Xmx2g","-wc 0 -mc 1 -t 8","taskset -c 0-7",10k,20260508-213732,org.onebrc.again26.BRC099_ArrayAccess,63,tNvyVnNau7CVVF2fueePRBSsePo5LV3s+SIneAfj0k1appwJJCqWag27xzUuU+3vFSEcGadeMjthc57sBmGOrw==,55,58,962132602,1049470701,175691191,9287147,24499047,18103908,10107,384618174,569,33,0.92,0.25,0.31,0.10,0,21876088,0,0,21876088,0,0,21876088,0,0,21876088,0,0,21876088,0
JDK_21_OPEN,"-XX:+UseG1GC","-Xms2g -Xmx2g","-wc 0 -mc 1 -t 8","taskset -c 0-7",10k,20260508-213732,org.onebrc.again26.BRC120_OnlyHashing_From95,45,tNvyVnNau7CVVF2fueePRBSsePo5LV3s+SIneAfj0k1appwJJCqWag27xzUuU+3vFSEcGadeMjthc57sBmGOrw==,42,39,864421366,961057287,163444350,8476386,23894803,18348993,9836,345732222,629,39,0.90,0.24,0.28,0.10,0,21880288,0,0,21880288,0,0,21880288,0,0,21880288,0,0,21880288,0
JDK_21_OPEN,"-XX:+UseG1GC","-Xms2g -Xmx2g","-wc 0 -mc 1 -t 8","taskset -c 0-7",10k,20260508-213732,org.onebrc.again26.BRC121_UpdatedLoops,48,tNvyVnNau7CVVF2fueePRBSsePo5LV3s+SIneAfj0k1appwJJCqWag27xzUuU+3vFSEcGadeMjthc57sBmGOrw==,36,42,877687118,852962147,158314223,8208284,20566067,17076003,9703,286306086,602,19,1.03,0.21,0.23,0.08,0,21880088,0,0,21880088,0,0,21880088,0,0,21880088,0,0,21880088,0
JDK_21_OPEN,"-XX:+UseG1GC","-Xms2g -Xmx2g","-wc 0 -mc 1 -t 8","taskset -c 0-7",10k,20260508-213732,org.onebrc.again26.BRC123_121plus105_VOID,34,tNvyVnNau7CVVF2fueePRBSsePo5LV3s+SIneAfj0k1appwJJCqWag27xzUuU+3vFSEcGadeMjthc57sBmGOrw==,37,50,888995137,872787145,165099560,8545173,22761273,17828073,9667,285575230,598,9,1.02,0.19,0.23,0.07,0,21878936,0,0,21878936,0,0,21878936,0,0,21878936,0,0,21878936,0
JDK_21_OPEN,"-XX:+UseG1GC","-Xms2g -Xmx2g","-wc 0 -mc 1 -t 8","taskset -c 0-7",10k,20260508-213732,org.onebrc.again26.BRC125_Refined_121,46,tNvyVnNau7CVVF2fueePRBSsePo5LV3s+SIneAfj0k1appwJJCqWag27xzUuU+3vFSEcGadeMjthc57sBmGOrw==,57,44,890051743,1063243760,163285200,8868910,27378501,19356300,9691,384337087,628,41,0.84,0.26,0.31,0.10,0,21876312,0,0,21876312,0,0,21876312,0,0,21876312,0,0,21876312,0
JDK_21_OPEN,"-XX:+UseG1GC","-Xms2g -Xmx2g","-wc 0 -mc 1 -t 8","taskset -c 0-7",10k,20260508-213732,org.onebrc.again26.BRC127_ParsingTempAI_VOID,43,tNvyVnNau7CVVF2fueePRBSsePo5LV3s+SIneAfj0k1appwJJCqWag27xzUuU+3vFSEcGadeMjthc57sBmGOrw==,37,36,874643525,847617906,159948456,8140115,21192000,17617566,9726,293666351,599,34,1.03,0.21,0.23,0.08,0,21879064,0,0,21879064,0,0,21879064,0,0,21879064,0,0,21879064,0
JDK_21_OPEN,"-XX:+UseG1GC","-Xms2g -Xmx2g","-wc 0 -mc 1 -t 8","taskset -c 0-7",10k,20260508-213732,org.onebrc.again26.BRC000_Empty,0,z4PhNX7vuL3xVChQ1m2AB9Yg5AULVxXcg/SpIdNs6c5H0NE8XYXysP+DGNKHfuwvY7kxvUdBeoGlODJ6+SfaPg==,0,0,546685200,551532314,105629245,4996014,12047541,10791258,8616,180447453,269,12,0.99,0.16,0.13,0.07,0,21880200,0,0,21880200,0,0,21880200,0,0,21880200,0,0,21880200,0
JDK_21_OPEN,"-XX:+UseG1GC","-Xms2g -Xmx2g","-wc 0 -mc 1 -t 8","taskset -c 0-7",10k,20260508-213732,org.onebrc.again26.BRC001_Baseline,122,KKnym6bvAbvJKBh8OQTRvGyt/dxiPRE3zLCyGPqKquKooIT05rf/fD3F0IDhM9ZF4n0bSRi6c4x84xf0llwtoA==,115,110,1491196842,1578416160,278889075,13517191,46269192,27401492,12053,609674176,779,39,0.94,0.33,0.52,0.12,0,21876232,186,0,21876232,186,0,21876232,186,0,21876232,186,0,21876232,186
JDK_25_OPEN,"-XX:+UseG1GC","-Xms2g -Xmx2g","-wc 0 -mc 1 -t 8","taskset -c 0-7",10k,20260508-213732,org.onebrc.again26.BRC100_DirectTempWrite,32,tNvyVnNau7CVVF2fueePRBSsePo5LV3s+SIneAfj0k1appwJJCqWag27xzUuU+3vFSEcGadeMjthc57sBmGOrw==,28,24,756417680,748182621,145101256,7420162,20230884,15365326,9321,271320113,535,14,1.01,0.18,0.21,0.08,0,16655840,0,0,16655840,0,0,16655840,0,0,16655840,0,0,16655840,0
JDK_25_OPEN,"-XX:+UseG1GC","-Xms2g -Xmx2g","-wc 0 -mc 1 -t 8","taskset -c 0-7",10k,20260508-213732,org.onebrc.again26.BRC101_ParseFrom65_VOID,30,tNvyVnNau7CVVF2fueePRBSsePo5LV3s+SIneAfj0k1appwJJCqWag27xzUuU+3vFSEcGadeMjthc57sBmGOrw==,24,18,731949290,750096580,146611565,7386087,20199806,15076518,9265,248888026,518,10,0.98,0.17,0.19,0.08,0,16660216,0,0,16660216,0,0,16660216,0,0,16660216,0,0,16660216,0
JDK_25_OPEN,"-XX:+UseG1GC","-Xms2g -Xmx2g","-wc 0 -mc 1 -t 8","taskset -c 0-7",10k,20260508-213732,org.onebrc.again26.BRC105_ParseTemp_95,27,tNvyVnNau7CVVF2fueePRBSsePo5LV3s+SIneAfj0k1appwJJCqWag27xzUuU+3vFSEcGadeMjthc57sBmGOrw==,28,19,751946520,795439343,148303329,7357359,21559309,15726282,9279,264370767,489,21,0.95,0.17,0.22,0.07,0,16656952,0,0,16656952,0,0,16656952,0,0,16656952,0,0,16656952,0
JDK_25_OPEN,"-XX:+UseG1GC","-Xms2g -Xmx2g","-wc 0 -mc 1 -t 8","taskset -c 0-7",10k,20260508-213732,org.onebrc.again26.BRC106_ParseTemp_105,28,tNvyVnNau7CVVF2fueePRBSsePo5LV3s+SIneAfj0k1appwJJCqWag27xzUuU+3vFSEcGadeMjthc57sBmGOrw==,23,33,746631643,753310152,148438366,7558494,19976443,15415093,9336,239994771,506,18,0.99,0.16,0.19,0.07,0,16643928,0,0,16643928,0,0,16643928,0,0,16643928,0,0,16643928,0
JDK_25_OPEN,"-XX:+UseG1GC","-Xms2g -Xmx2g","-wc 0 -mc 1 -t 8","taskset -c 0-7",10k,20260508-213732,org.onebrc.again26.BRC107_ParseTemp,55,tNvyVnNau7CVVF2fueePRBSsePo5LV3s+SIneAfj0k1appwJJCqWag27xzUuU+3vFSEcGadeMjthc57sBmGOrw==,52,36,760703480,788506949,151880261,8033869,23484285,17639578,9330,493623644,747,20,0.96,0.30,0.37,0.16,0,16658416,0,0,16658416,0,0,16658416,0,0,16658416,0,0,16658416,0
JDK_25_OPEN,"-XX:+UseG1GC","-Xms2g -Xmx2g","-wc 0 -mc 1 -t 8","taskset -c 0-7",10k,20260508-213732,org.onebrc.again26.BRC110_EqualsCitySplit,50,tNvyVnNau7CVVF2fueePRBSsePo5LV3s+SIneAfj0k1appwJJCqWag27xzUuU+3vFSEcGadeMjthc57sBmGOrw==,44,21,753356851,708770079,150077303,7490070,20759246,16250748,9290,437370324,513,14,1.06,0.27,0.35,0.13,0,16660696,0,0,16660696,0,0,16660696,0,0,16660696,0,0,16660696,0
JDK_25_OPEN,"-XX:+UseG1GC","-Xms2g -Xmx2g","-wc 0 -mc 1 -t 8","taskset -c 0-7",10k,20260508-213732,org.onebrc.again26.BRC111_EqualsCitySplit_Reverse,26,tNvyVnNau7CVVF2fueePRBSsePo5LV3s+SIneAfj0k1appwJJCqWag27xzUuU+3vFSEcGadeMjthc57sBmGOrw==,23,23,746109239,762770399,152991374,7317557,19777383,15217048,9359,235311953,504,11,0.98,0.15,0.18,0.07,0,16656240,0,0,16656240,0,0,16656240,0,0,16656240,0,0,16656240,0
JDK_25_OPEN,"-XX:+UseG1GC","-Xms2g -Xmx2g","-wc 0 -mc 1 -t 8","taskset -c 0-7",10k,20260508-213732,org.onebrc.again26.BRC112_EqualsCityMismatch,0,ERROR,0,0,207641921,253618952,39759370,2797674,4562169,5002604,6483,82435700,174,11,0.82,0.08,0.04,0.06,0,16660280,0,0,16660280,0,0,16660280,0,0,16660280,0,0,16660280,0
JDK_25_OPEN,"-XX:+UseG1GC","-Xms2g -Xmx2g","-wc 0 -mc 1 -t 8","taskset -c 0-7",10k,20260508-213732,org.onebrc.again26.BRC113_EqualsCityMismatchSimple,0,ERROR,0,0,202650206,261077022,40787895,2692795,4578569,4627607,6480,80972691,162,10,0.78,0.09,0.05,0.05,0,16656768,0,0,16656768,0,0,16656768,0,0,16656768,0,0,16656768,0
JDK_25_OPEN,"-XX:+UseG1GC","-Xms2g -Xmx2g","-wc 0 -mc 1 -t 8","taskset -c 0-7",10k,20260508-213732,org.onebrc.again26.BRC010_NoStream,68,KKnym6bvAbvJKBh8OQTRvGyt/dxiPRE3zLCyGPqKquKooIT05rf/fD3F0IDhM9ZF4n0bSRi6c4x84xf0llwtoA==,84,72,1512247024,1549137523,298310709,14557791,54360635,28801959,11553,558827849,642,30,0.98,0.22,0.49,0.09,0,16660224,0,0,16660224,0,0,16660224,0,0,16660224,0,0,16660224,0
JDK_25_OPEN,"-XX:+UseG1GC","-Xms2g -Xmx2g","-wc 0 -mc 1 -t 8","taskset -c 0-7",10k,20260508-213732,org.onebrc.again26.BRC012_SplitRemoved,84,KKnym6bvAbvJKBh8OQTRvGyt/dxiPRE3zLCyGPqKquKooIT05rf/fD3F0IDhM9ZF4n0bSRi6c4x84xf0llwtoA==,94,66,1040834127,1342937202,210573717,11139527,36774790,22524423,9816,509740400,894,39,0.78,0.27,0.42,0.11,0,16658688,0,0,16658688,0,0,16658688,0,0,16658688,0,0,16658688,0
JDK_25_OPEN,"-XX:+UseG1GC","-Xms2g -Xmx2g","-wc 0 -mc 1 -t 8","taskset -c 0-7",10k,20260508-213732,org.onebrc.again26.BRC014_NewParseDouble,51,OLmpjJYZirGroHNkK6ClaXESmpBUD7OE6AwSt62LUd04Rp7+XMFQIf9HqoG+IyX6j+8LBCbMRtD5d0M4apQY6A==,52,42,895486724,1021172405,173356839,9336199,28823108,19554318,9194,354980465,905,52,0.88,0.21,0.29,0.09,0,16659368,0,0,16659368,0,0,16659368,0,0,16659368,0,0,16659368,0
JDK_25_OPEN,"-XX:+UseG1GC","-Xms2g -Xmx2g","-wc 0 -mc 1 -t 8","taskset -c 0-7",10k,20260508-213732,org.onebrc.again26.BRC015_ParseDoubleSimpler1,45,OLmpjJYZirGroHNkK6ClaXESmpBUD7OE6AwSt62LUd04Rp7+XMFQIf9HqoG+IyX6j+8LBCbMRtD5d0M4apQY6A==,50,45,902422274,947630653,173092935,8928443,24079982,18467474,9229,328076648,843,16,0.95,0.19,0.26,0.09,0,16656664,0,0,16656664,0,0,16656664,0,0,16656664,0,0,16656664,0
JDK_25_OPEN,"-XX:+UseG1GC","-Xms2g -Xmx2g","-wc 0 -mc 1 -t 8","taskset -c 0-7",10k,20260508-213732,org.onebrc.again26.BRC016_NoExtraString,49,OLmpjJYZirGroHNkK6ClaXESmpBUD7OE6AwSt62LUd04Rp7+XMFQIf9HqoG+IyX6j+8LBCbMRtD5d0M4apQY6A==,53,45,880412787,937939046,175184408,9056773,25399617,18426406,8976,354484949,825,21,0.94,0.20,0.28,0.10,0,16660168,0,0,16660168,0,0,16660168,0,0,16660168,0,0,16660168,0
JDK_25_OPEN,"-XX:+UseG1GC","-Xms2g -Xmx2g","-wc 0 -mc 1 -t 8","taskset -c 0-7",10k,20260508-213732,org.onebrc.again26.BRC017_ParseDoubleSimpler2,49,OLmpjJYZirGroHNkK6ClaXESmpBUD7OE6AwSt62LUd04Rp7+XMFQIf9HqoG+IyX6j+8LBCbMRtD5d0M4apQY6A==,56,49,896570403,994214129,172532877,9257871,26765013,19234551,8982,374451627,870,32,0.90,0.22,0.31,0.09,0,16659168,0,0,16659168,0,0,16659168,0,0,16659168,0,0,16659168,0
JDK_25_OPEN,"-XX:+UseG1GC","-Xms2g -Xmx2g","-wc 0 -mc 1 -t 8","taskset -c 0-7",10k,20260508-213732,org.onebrc.again26.BRC020_IntegerValue,52,tNvyVnNau7CVVF2fueePRBSsePo5LV3s+SIneAfj0k1appwJJCqWag27xzUuU+3vFSEcGadeMjthc57sBmGOrw==,66,36,899570118,1058940407,168272065,9380276,27801845,19105499,8874,428533780,864,58,0.85,0.26,0.35,0.12,0,16656672,0,0,16656672,0,0,16656672,0,0,16656672,0,0,16656672,0
JDK_25_OPEN,"-XX:+UseG1GC","-Xms2g -Xmx2g","-wc 0 -mc 1 -t 8","taskset -c 0-7",10k,20260508-213732,org.onebrc.again26.BRC021_LooplessParsing,42,tNvyVnNau7CVVF2fueePRBSsePo5LV3s+SIneAfj0k1appwJJCqWag27xzUuU+3vFSEcGadeMjthc57sBmGOrw==,43,39,850003600,871592250,166033897,8881726,24492543,17764652,8811,292158192,800,19,0.98,0.17,0.23,0.08,0,16660448,0,0,16660448,0,0,16660448,0,0,16660448,0,0,16660448,0
JDK_25_OPEN,"-XX:+UseG1GC","-Xms2g -Xmx2g","-wc 0 -mc 1 -t 8","taskset -c 0-7",10k,20260508-213732,org.onebrc.again26.BRC022_LooplessParsing2,42,tNvyVnNau7CVVF2fueePRBSsePo5LV3s+SIneAfj0k1appwJJCqWag27xzUuU+3vFSEcGadeMjthc57sBmGOrw==,43,61,873916656,874814994,169451340,8786131,23483098,17211632,8893,280912580,819,13,1.00,0.17,0.23,0.08,0,16659640,0,0,16659640,0,0,16659640,0,0,16659640,0,0,16659640,0
JDK_25_OPEN,"-XX:+UseG1GC","-Xms2g -Xmx2g","-wc 0 -mc 1 -t 8","taskset -c 0-7",10k,20260508-213732,org.onebrc.again26.BRC025_MutateData,80,tNvyVnNau7CVVF2fueePRBSsePo5LV3s+SIneAfj0k1appwJJCqWag27xzUuU+3vFSEcGadeMjthc57sBmGOrw==,110,65,958251175,1048454250,189456020,9880604,31371664,20558701,9800,646697198,814,77,0.91,0.36,0.53,0.16,0,16660688,0,0,16660688,0,0,16660688,0,0,16660688,0,0,16660688,0
JDK_25_OPEN,"-XX:+UseG1GC","-Xms2g -Xmx2g","-wc 0 -mc 1 -t 8","taskset -c 0-7",10k,20260508-213732,org.onebrc.again26.BRC027_SizedMap,81,tNvyVnNau7CVVF2fueePRBSsePo5LV3s+SIneAfj0k1appwJJCqWag27xzUuU+3vFSEcGadeMjthc57sBmGOrw==,94,35,883762474,923325990,171500345,9263894,27502256,20414326,8780,574169669,863,46,0.96,0.34,0.47,0.14,0,16655152,0,0,16655152,0,0,16655152,0,0,16655152,0,0,16655152,0
JDK_25_OPEN,"-XX:+UseG1GC","-Xms2g -Xmx2g","-wc 0 -mc 1 -t 8","taskset -c 0-7",10k,20260508-213732,org.onebrc.again26.BRC030_OpenMap,56,tNvyVnNau7CVVF2fueePRBSsePo5LV3s+SIneAfj0k1appwJJCqWag27xzUuU+3vFSEcGadeMjthc57sBmGOrw==,62,51,861997048,1097313806,173994850,9543349,32354158,20947624,8786,423069771,886,31,0.79,0.24,0.34,0.11,0,16652160,0,0,16652160,0,0,16652160,0,0,16652160,0,0,16652160,0
JDK_25_OPEN,"-XX:+UseG1GC","-Xms2g -Xmx2g","-wc 0 -mc 1 -t 8","taskset -c 0-7",10k,20260508-213732,org.onebrc.again26.BRC031_OpenMapLessCasting,60,tNvyVnNau7CVVF2fueePRBSsePo5LV3s+SIneAfj0k1appwJJCqWag27xzUuU+3vFSEcGadeMjthc57sBmGOrw==,53,52,860722090,926897702,168842758,8918553,25585762,18619479,8791,354480437,863,37,0.93,0.21,0.30,0.08,0,16660088,0,0,16660088,0,0,16660088,0,0,16660088,0,0,16660088,0
JDK_25_OPEN,"-XX:+UseG1GC","-Xms2g -Xmx2g","-wc 0 -mc 1 -t 8","taskset -c 0-7",10k,20260508-213732,org.onebrc.again26.BRC033_SimplerLambda,64,tNvyVnNau7CVVF2fueePRBSsePo5LV3s+SIneAfj0k1appwJJCqWag27xzUuU+3vFSEcGadeMjthc57sBmGOrw==,54,48,945957452,961539032,184787991,9365623,26040039,17767198,9731,335100036,712,11,0.98,0.19,0.27,0.09,0,16657128,0,0,16657128,0,0,16657128,0,0,16657128,0,0,16657128,0
JDK_25_OPEN,"-XX:+UseG1GC","-Xms2g -Xmx2g","-wc 0 -mc 1 -t 8","taskset -c 0-7",10k,20260508-213732,org.onebrc.again26.BRC035_NoLambda,53,tNvyVnNau7CVVF2fueePRBSsePo5LV3s+SIneAfj0k1appwJJCqWag27xzUuU+3vFSEcGadeMjthc57sBmGOrw==,42,48,840691275,851598061,165373322,8666860,21754001,17144882,8554,290369687,800,16,0.99,0.18,0.23,0.09,0,16643696,0,0,16643696,0,0,16643696,0,0,16643696,0,0,16643696,0
JDK_25_OPEN,"-XX:+UseG1GC","-Xms2g -Xmx2g","-wc 0 -mc 1 -t 8","taskset -c 0-7",10k,20260508-213732,org.onebrc.again26.BRC036_TurnedIfs,46,tNvyVnNau7CVVF2fueePRBSsePo5LV3s+SIneAfj0k1appwJJCqWag27xzUuU+3vFSEcGadeMjthc57sBmGOrw==,45,35,902118849,953436927,184466960,8571426,23664443,17074884,9624,335796364,731,29,0.95,0.19,0.27,0.09,0,16659408,0,0,16659408,0,0,16659408,0,0,16659408,0,0,16659408,0
JDK_25_OPEN,"-XX:+UseG1GC","-Xms2g -Xmx2g","-wc 0 -mc 1 -t 8","taskset -c 0-7",10k,20260508-213732,org.onebrc.again26.BRC037_LessNullChecks,64,tNvyVnNau7CVVF2fueePRBSsePo5LV3s+SIneAfj0k1appwJJCqWag27xzUuU+3vFSEcGadeMjthc57sBmGOrw==,75,49,820647633,1155766347,163275527,9167505,24033460,18984727,8735,487831127,945,109,0.71,0.29,0.38,0.14,0,16656064,0,0,16656064,0,0,16656064,0,0,16656064,0,0,16656064,0
JDK_25_OPEN,"-XX:+UseG1GC","-Xms2g -Xmx2g","-wc 0 -mc 1 -t 8","taskset -c 0-7",10k,20260508-213732,org.onebrc.again26.BRC040_ASetIsGoodEnough,76,tNvyVnNau7CVVF2fueePRBSsePo5LV3s+SIneAfj0k1appwJJCqWag27xzUuU+3vFSEcGadeMjthc57sBmGOrw==,62,38,838494954,1040687469,168914304,9002738,26401196,19397417,8621,421646431,902,30,0.81,0.25,0.34,0.11,0,16658048,0,0,16658048,0,0,16658048,0,0,16658048,0,0,16658048,0
JDK_25_OPEN,"-XX:+UseG1GC","-Xms2g -Xmx2g","-wc 0 -mc 1 -t 8","taskset -c 0-7",10k,20260508-213732,org.onebrc.again26.BRC041_DirectUpdate,44,tNvyVnNau7CVVF2fueePRBSsePo5LV3s+SIneAfj0k1appwJJCqWag27xzUuU+3vFSEcGadeMjthc57sBmGOrw==,45,34,967691299,955212293,178663942,9064636,23720002,17248605,9701,345266921,788,30,1.01,0.19,0.27,0.10,0,16658680,0,0,16658680,0,0,16658680,0,0,16658680,0,0,16658680,0
JDK_25_OPEN,"-XX:+UseG1GC","-Xms2g -Xmx2g","-wc 0 -mc 1 -t 8","taskset -c 0-7",10k,20260508-213732,org.onebrc.again26.BRC042_NoSplittedString,52,tNvyVnNau7CVVF2fueePRBSsePo5LV3s+SIneAfj0k1appwJJCqWag27xzUuU+3vFSEcGadeMjthc57sBmGOrw==,60,33,852471955,1001819002,177569320,8873650,22716295,18777280,8545,426354827,715,66,0.85,0.24,0.36,0.09,0,16660056,0,0,16660056,0,0,16660056,0,0,16660056,0,0,16660056,0
JDK_25_OPEN,"-XX:+UseG1GC","-Xms2g -Xmx2g","-wc 0 -mc 1 -t 8","taskset -c 0-7",10k,20260508-213732,org.onebrc.again26.BRC045_KeepChars,42,tNvyVnNau7CVVF2fueePRBSsePo5LV3s+SIneAfj0k1appwJJCqWag27xzUuU+3vFSEcGadeMjthc57sBmGOrw==,50,37,866192999,927974366,173679501,8782170,22811343,17887693,8569,357465931,750,32,0.93,0.22,0.29,0.09,0,16660384,0,0,16660384,0,0,16660384,0,0,16660384,0,0,16660384,0
JDK_25_OPEN,"-XX:+UseG1GC","-Xms2g -Xmx2g","-wc 0 -mc 1 -t 8","taskset -c 0-7",10k,20260508-213732,org.onebrc.again26.BRC047_IntOnly,40,tNvyVnNau7CVVF2fueePRBSsePo5LV3s+SIneAfj0k1appwJJCqWag27xzUuU+3vFSEcGadeMjthc57sBmGOrw==,42,31,843992583,858043888,164949886,8391856,21924886,16623275,8482,301087578,718,9,0.98,0.17,0.25,0.08,0,16660280,0,0,16660280,0,0,16660280,0,0,16660280,0,0,16660280,0
JDK_25_OPEN,"-XX:+UseG1GC","-Xms2g -Xmx2g","-wc 0 -mc 1 -t 8","taskset -c 0-7",10k,20260508-213732,org.onebrc.again26.BRC048_ImprovedStringHandling,40,tNvyVnNau7CVVF2fueePRBSsePo5LV3s+SIneAfj0k1appwJJCqWag27xzUuU+3vFSEcGadeMjthc57sBmGOrw==,40,37,884118189,859837614,164045322,8558552,21860644,17335641,8636,296514082,788,9,1.03,0.17,0.23,0.09,0,16656824,0,0,16656824,0,0,16656824,0,0,16656824,0,0,16656824,0
JDK_25_OPEN,"-XX:+UseG1GC","-Xms2g -Xmx2g","-wc 0 -mc 1 -t 8","taskset -c 0-7",10k,20260508-213732,org.onebrc.again26.BRC049_ManualMinMax,38,tNvyVnNau7CVVF2fueePRBSsePo5LV3s+SIneAfj0k1appwJJCqWag27xzUuU+3vFSEcGadeMjthc57sBmGOrw==,40,31,843102807,827820573,162177147,8207718,22061553,16923369,8475,286030443,718,8,1.02,0.17,0.23,0.07,0,16660296,0,0,16660296,0,0,16660296,0,0,16660296,0,0,16660296,0
JDK_25_OPEN,"-XX:+UseG1GC","-Xms2g -Xmx2g","-wc 0 -mc 1 -t 8","taskset -c 0-7",10k,20260508-213732,org.onebrc.again26.BRC050_LargerSet,49,tNvyVnNau7CVVF2fueePRBSsePo5LV3s+SIneAfj0k1appwJJCqWag27xzUuU+3vFSEcGadeMjthc57sBmGOrw==,49,34,867688091,916117545,166682448,8380604,21716014,17591457,8568,365074792,709,17,0.95,0.21,0.28,0.11,0,16660384,0,0,16660384,0,0,16660384,0,0,16660384,0,0,16660384,0
JDK_25_OPEN,"-XX:+UseG1GC","-Xms2g -Xmx2g","-wc 0 -mc 1 -t 8","taskset -c 0-7",10k,20260508-213732,org.onebrc.again26.BRC060_ReadingBytes,30,tNvyVnNau7CVVF2fueePRBSsePo5LV3s+SIneAfj0k1appwJJCqWag27xzUuU+3vFSEcGadeMjthc57sBmGOrw==,29,27,670306709,767081198,134590920,7200832,19939411,16328838,7888,261181279,573,19,0.87,0.17,0.20,0.09,0,16660504,0,0,16660504,0,0,16660504,0,0,16660504,0,0,16660504,0
JDK_25_OPEN,"-XX:+UseG1GC","-Xms2g -Xmx2g","-wc 0 -mc 1 -t 8","taskset -c 0-7",10k,20260508-213732,org.onebrc.again26.BRC061_RandomAccessFile,25,tNvyVnNau7CVVF2fueePRBSsePo5LV3s+SIneAfj0k1appwJJCqWag27xzUuU+3vFSEcGadeMjthc57sBmGOrw==,26,29,743117664,743999294,145772492,7447903,20295850,15599459,9138,257487965,537,4,1.00,0.17,0.20,0.07,0,16657016,0,0,16657016,0,0,16657016,0,0,16657016,0,0,16657016,0
JDK_25_OPEN,"-XX:+UseG1GC","-Xms2g -Xmx2g","-wc 0 -mc 1 -t 8","taskset -c 0-7",10k,20260508-213732,org.onebrc.again26.BRC063_OneAddLess,41,tNvyVnNau7CVVF2fueePRBSsePo5LV3s+SIneAfj0k1appwJJCqWag27xzUuU+3vFSEcGadeMjthc57sBmGOrw==,34,30,745088150,892305056,147684295,7700403,20637401,16080455,9174,370042260,554,57,0.84,0.23,0.30,0.10,0,16655392,0,0,16655392,0,0,16655392,0,0,16655392,0,0,16655392,0
JDK_25_OPEN,"-XX:+UseG1GC","-Xms2g -Xmx2g","-wc 0 -mc 1 -t 8","taskset -c 0-7",10k,20260508-213732,org.onebrc.again26.BRC065_OneLoopLess,41,tNvyVnNau7CVVF2fueePRBSsePo5LV3s+SIneAfj0k1appwJJCqWag27xzUuU+3vFSEcGadeMjthc57sBmGOrw==,36,28,717913186,779554042,133423345,7494308,19079608,15898878,8342,318753207,604,20,0.92,0.20,0.25,0.09,0,16656832,0,0,16656832,0,0,16656832,0,0,16656832,0,0,16656832,0
JDK_25_OPEN,"-XX:+UseG1GC","-Xms2g -Xmx2g","-wc 0 -mc 1 -t 8","taskset -c 0-7",10k,20260508-213732,org.onebrc.again26.BRC067_ParseDifferently,45,tNvyVnNau7CVVF2fueePRBSsePo5LV3s+SIneAfj0k1appwJJCqWag27xzUuU+3vFSEcGadeMjthc57sBmGOrw==,38,21,776949478,874907445,152115165,7924266,19537206,16698748,9617,363175060,782,41,0.89,0.22,0.28,0.11,0,16660344,0,0,16660344,0,0,16660344,0,0,16660344,0,0,16660344,0
JDK_25_OPEN,"-XX:+UseG1GC","-Xms2g -Xmx2g","-wc 0 -mc 1 -t 8","taskset -c 0-7",10k,20260508-213732,org.onebrc.again26.BRC068_InlineParsing,39,tNvyVnNau7CVVF2fueePRBSsePo5LV3s+SIneAfj0k1appwJJCqWag27xzUuU+3vFSEcGadeMjthc57sBmGOrw==,36,22,685149710,913114594,135740589,7758450,20388153,17160841,8254,369911292,809,61,0.75,0.23,0.29,0.11,0,16643560,0,0,16643560,0,0,16643560,0,0,16643560,0,0,16643560,0
JDK_25_OPEN,"-XX:+UseG1GC","-Xms2g -Xmx2g","-wc 0 -mc 1 -t 8","taskset -c 0-7",10k,20260508-213732,org.onebrc.again26.BRC069_InlineParsing_65,29,tNvyVnNau7CVVF2fueePRBSsePo5LV3s+SIneAfj0k1appwJJCqWag27xzUuU+3vFSEcGadeMjthc57sBmGOrw==,42,22,769355166,939086201,151448278,7910308,20039260,16131579,9298,380404552,587,58,0.82,0.23,0.30,0.10,0,16659528,0,0,16659528,0,0,16659528,0,0,16659528,0,0,16659528,0
JDK_25_OPEN,"-XX:+UseG1GC","-Xms2g -Xmx2g","-wc 0 -mc 1 -t 8","taskset -c 0-7",10k,20260508-213732,org.onebrc.again26.BRC070_EqualsCity,35,tNvyVnNau7CVVF2fueePRBSsePo5LV3s+SIneAfj0k1appwJJCqWag27xzUuU+3vFSEcGadeMjthc57sBmGOrw==,42,34,725362417,838234761,134616092,7618993,18520402,16577951,8038,333376916,638,31,0.87,0.20,0.27,0.09,0,16657008,0,0,16657008,0,0,16657008,0,0,16657008,0,0,16657008,0
JDK_25_OPEN,"-XX:+UseG1GC","-Xms2g -Xmx2g","-wc 0 -mc 1 -t 8","taskset -c 0-7",10k,20260508-213732,org.onebrc.again26.BRC072_ReadDirectNotViaBuffer,34,tNvyVnNau7CVVF2fueePRBSsePo5LV3s+SIneAfj0k1appwJJCqWag27xzUuU+3vFSEcGadeMjthc57sBmGOrw==,45,31,647259376,798514850,124292163,7149814,18446908,16533683,7795,375511219,631,49,0.81,0.25,0.29,0.11,0,16642016,0,0,16642016,0,0,16642016,0,0,16642016,0,0,16642016,0
JDK_25_OPEN,"-XX:+UseG1GC","-Xms2g -Xmx2g","-wc 0 -mc 1 -t 8","taskset -c 0-7",10k,20260508-213732,org.onebrc.again26.BRC075_LargeByteBuffer,41,tNvyVnNau7CVVF2fueePRBSsePo5LV3s+SIneAfj0k1appwJJCqWag27xzUuU+3vFSEcGadeMjthc57sBmGOrw==,30,21,742579138,812259337,136470416,7407715,21693347,15939666,9411,267156911,562,22,0.91,0.17,0.20,0.08,0,16659608,0,0,16659608,0,0,16659608,0,0,16659608,0,0,16659608,0
JDK_25_OPEN,"-XX:+UseG1GC","-Xms2g -Xmx2g","-wc 0 -mc 1 -t 8","taskset -c 0-7",10k,20260508-213732,org.onebrc.again26.BRC077_LessAdditions,30,tNvyVnNau7CVVF2fueePRBSsePo5LV3s+SIneAfj0k1appwJJCqWag27xzUuU+3vFSEcGadeMjthc57sBmGOrw==,26,25,709294349,748218114,142090820,7047962,19112169,15202658,9357,256612575,551,20,0.95,0.18,0.19,0.09,0,16660072,0,0,16660072,0,0,16660072,0,0,16660072,0,0,16660072,0
JDK_25_OPEN,"-XX:+UseG1GC","-Xms2g -Xmx2g","-wc 0 -mc 1 -t 8","taskset -c 0-7",10k,20260508-213732,org.onebrc.again26.BRC078_CalculateEarlier,41,tNvyVnNau7CVVF2fueePRBSsePo5LV3s+SIneAfj0k1appwJJCqWag27xzUuU+3vFSEcGadeMjthc57sBmGOrw==,36,25,642729197,833039670,126540950,7168504,17678394,15633053,8053,319997268,597,56,0.77,0.23,0.25,0.11,0,16656680,0,0,16656680,0,0,16656680,0,0,16656680,0,0,16656680,0
JDK_25_OPEN,"-XX:+UseG1GC","-Xms2g -Xmx2g","-wc 0 -mc 1 -t 8","taskset -c 0-7",10k,20260508-213732,org.onebrc.again26.BRC079_RunWithoutByteBuffer,31,tNvyVnNau7CVVF2fueePRBSsePo5LV3s+SIneAfj0k1appwJJCqWag27xzUuU+3vFSEcGadeMjthc57sBmGOrw==,32,18,642035476,766559955,121492315,7136437,18378669,15714129,8005,275051271,637,18,0.84,0.18,0.21,0.09,0,16660656,0,0,16660656,0,0,16660656,0,0,16660656,0,0,16660656,0
JDK_25_OPEN,"-XX:+UseG1GC","-Xms2g -Xmx2g","-wc 0 -mc 1 -t 8","taskset -c 0-7",10k,20260508-213732,org.onebrc.again26.BRC080_JDKArrayUtils,31,tNvyVnNau7CVVF2fueePRBSsePo5LV3s+SIneAfj0k1appwJJCqWag27xzUuU+3vFSEcGadeMjthc57sBmGOrw==,27,19,687847997,741124041,134634502,7417211,19113103,15800875,8219,265729443,765,17,0.93,0.18,0.20,0.09,0,16656952,0,0,16656952,0,0,16656952,0,0,16656952,0,0,16656952,0
JDK_25_OPEN,"-XX:+UseG1GC","-Xms2g -Xmx2g","-wc 0 -mc 1 -t 8","taskset -c 0-7",10k,20260508-213732,org.onebrc.again26.BRC081_LoopUnroll,29,tNvyVnNau7CVVF2fueePRBSsePo5LV3s+SIneAfj0k1appwJJCqWag27xzUuU+3vFSEcGadeMjthc57sBmGOrw==,27,18,708668522,765108284,141290172,7683339,20356621,15534292,8065,259078608,770,15,0.93,0.16,0.20,0.08,0,16653024,0,0,16653024,0,0,16653024,0,0,16653024,0,0,16653024,0
JDK_25_OPEN,"-XX:+UseG1GC","-Xms2g -Xmx2g","-wc 0 -mc 1 -t 8","taskset -c 0-7",10k,20260508-213732,org.onebrc.again26.BRC082_VectorSearchOnlyForLargeArray,26,tNvyVnNau7CVVF2fueePRBSsePo5LV3s+SIneAfj0k1appwJJCqWag27xzUuU+3vFSEcGadeMjthc57sBmGOrw==,45,30,761852706,747676278,150996620,7700302,21663995,16781504,9321,464684797,521,10,1.02,0.30,0.36,0.14,0,16660440,0,0,16660440,0,0,16660440,0,0,16660440,0,0,16660440,0
JDK_25_OPEN,"-XX:+UseG1GC","-Xms2g -Xmx2g","-wc 0 -mc 1 -t 8","taskset -c 0-7",10k,20260508-213732,org.onebrc.again26.BRC083_MainLoop,47,tNvyVnNau7CVVF2fueePRBSsePo5LV3s+SIneAfj0k1appwJJCqWag27xzUuU+3vFSEcGadeMjthc57sBmGOrw==,47,36,744980724,734511342,151092563,7532863,21313296,16770905,9319,452031614,510,18,1.01,0.28,0.35,0.14,0,16660480,0,0,16660480,0,0,16660480,0,0,16660480,0,0,16660480,0
JDK_25_OPEN,"-XX:+UseG1GC","-Xms2g -Xmx2g","-wc 0 -mc 1 -t 8","taskset -c 0-7",10k,20260508-213732,org.onebrc.again26.BRC090_MemorySegment_VOID,91,tNvyVnNau7CVVF2fueePRBSsePo5LV3s+SIneAfj0k1appwJJCqWag27xzUuU+3vFSEcGadeMjthc57sBmGOrw==,69,73,1143469649,1059188854,224992655,9838950,28568647,21260199,10280,339212329,593,17,1.08,0.20,0.28,0.08,0,16660496,0,0,16660496,0,0,16660496,0,0,16660496,0,0,16660496,0
JDK_25_OPEN,"-XX:+UseG1GC","-Xms2g -Xmx2g","-wc 0 -mc 1 -t 8","taskset -c 0-7",10k,20260508-213732,org.onebrc.again26.BRC091_Reviewed83,26,tNvyVnNau7CVVF2fueePRBSsePo5LV3s+SIneAfj0k1appwJJCqWag27xzUuU+3vFSEcGadeMjthc57sBmGOrw==,24,24,746642063,764057779,153128639,7446579,20438973,15347081,9321,241649757,502,10,0.98,0.16,0.18,0.09,0,16660352,0,0,16660352,0,0,16660352,0,0,16660352,0,0,16660352,0
JDK_25_OPEN,"-XX:+UseG1GC","-Xms2g -Xmx2g","-wc 0 -mc 1 -t 8","taskset -c 0-7",10k,20260508-213732,org.onebrc.again26.BRC092_ParseIntegerLessBranches_VOID,30,tNvyVnNau7CVVF2fueePRBSsePo5LV3s+SIneAfj0k1appwJJCqWag27xzUuU+3vFSEcGadeMjthc57sBmGOrw==,37,18,658883919,836598415,132623727,7260980,19932646,15759682,8035,331638902,581,31,0.79,0.22,0.26,0.09,0,16656552,0,0,16656552,0,0,16656552,0,0,16656552,0,0,16656552,0
JDK_25_OPEN,"-XX:+UseG1GC","-Xms2g -Xmx2g","-wc 0 -mc 1 -t 8","taskset -c 0-7",10k,20260508-213732,org.onebrc.again26.BRC093_ParseIntegerLessCode_VOID,36,tNvyVnNau7CVVF2fueePRBSsePo5LV3s+SIneAfj0k1appwJJCqWag27xzUuU+3vFSEcGadeMjthc57sBmGOrw==,28,23,738496462,787353798,149593454,7426400,19512376,15281379,9318,278077578,496,18,0.94,0.19,0.22,0.08,0,16655584,0,0,16655584,0,0,16655584,0,0,16655584,0,0,16655584,0
JDK_25_OPEN,"-XX:+UseG1GC","-Xms2g -Xmx2g","-wc 0 -mc 1 -t 8","taskset -c 0-7",10k,20260508-213732,org.onebrc.again26.BRC094_Reviewed91,30,tNvyVnNau7CVVF2fueePRBSsePo5LV3s+SIneAfj0k1appwJJCqWag27xzUuU+3vFSEcGadeMjthc57sBmGOrw==,35,22,766009344,840050163,148668079,7888023,24563441,17251999,9292,310902476,553,20,0.91,0.20,0.24,0.09,0,16660720,0,0,16660720,0,0,16660720,0,0,16660720,0,0,16660720,0
JDK_25_OPEN,"-XX:+UseG1GC","-Xms2g -Xmx2g","-wc 0 -mc 1 -t 8","taskset -c 0-7",10k,20260508-213732,org.onebrc.again26.BRC095_Hash,26,tNvyVnNau7CVVF2fueePRBSsePo5LV3s+SIneAfj0k1appwJJCqWag27xzUuU+3vFSEcGadeMjthc57sBmGOrw==,26,22,683105941,721170338,131811462,7273538,18200182,14747846,8070,234612646,552,13,0.95,0.16,0.19,0.07,0,16659552,0,0,16659552,0,0,16659552,0,0,16659552,0,0,16659552,0
JDK_25_OPEN,"-XX:+UseG1GC","-Xms2g -Xmx2g","-wc 0 -mc 1 -t 8","taskset -c 0-7",10k,20260508-213732,org.onebrc.again26.BRC096_ReadInt_VOID,49,tNvyVnNau7CVVF2fueePRBSsePo5LV3s+SIneAfj0k1appwJJCqWag27xzUuU+3vFSEcGadeMjthc57sBmGOrw==,49,31,770080495,782329562,155441581,8020988,22522661,17585777,9378,486659819,740,22,0.98,0.29,0.35,0.18,0,16660344,0,0,16660344,0,0,16660344,0,0,16660344,0,0,16660344,0
JDK_25_OPEN,"-XX:+UseG1GC","-Xms2g -Xmx2g","-wc 0 -mc 1 -t 8","taskset -c 0-7",10k,20260508-213732,org.onebrc.again26.BRC097_EqualsCity,47,tNvyVnNau7CVVF2fueePRBSsePo5LV3s+SIneAfj0k1appwJJCqWag27xzUuU+3vFSEcGadeMjthc57sBmGOrw==,55,36,767484621,855061233,148429230,7947151,24468737,17834084,9332,525695856,495,35,0.90,0.32,0.43,0.14,0,16660152,0,0,16660152,0,0,16660152,0,0,16660152,0,0,16660152,0
JDK_25_OPEN,"-XX:+UseG1GC","-Xms2g -Xmx2g","-wc 0 -mc 1 -t 8","taskset -c 0-7",10k,20260508-213732,org.onebrc.again26.BRC098_ParseTemperature_VOID,27,tNvyVnNau7CVVF2fueePRBSsePo5LV3s+SIneAfj0k1appwJJCqWag27xzUuU+3vFSEcGadeMjthc57sBmGOrw==,24,23,761416895,823756639,149442429,7470584,20754844,16049692,9293,259280815,496,36,0.92,0.17,0.20,0.08,0,16659408,0,0,16659408,0,0,16659408,0,0,16659408,0,0,16659408,0
JDK_25_OPEN,"-XX:+UseG1GC","-Xms2g -Xmx2g","-wc 0 -mc 1 -t 8","taskset -c 0-7",10k,20260508-213732,org.onebrc.again26.BRC099_ArrayAccess,30,tNvyVnNau7CVVF2fueePRBSsePo5LV3s+SIneAfj0k1appwJJCqWag27xzUuU+3vFSEcGadeMjthc57sBmGOrw==,30,20,772984754,828542483,146138107,7809659,23852864,16817283,9412,264980498,551,16,0.93,0.17,0.20,0.08,0,16660392,0,0,16660392,0,0,16660392,0,0,16660392,0,0,16660392,0
JDK_25_OPEN,"-XX:+UseG1GC","-Xms2g -Xmx2g","-wc 0 -mc 1 -t 8","taskset -c 0-7",10k,20260508-213732,org.onebrc.again26.BRC120_OnlyHashing_From95,23,tNvyVnNau7CVVF2fueePRBSsePo5LV3s+SIneAfj0k1appwJJCqWag27xzUuU+3vFSEcGadeMjthc57sBmGOrw==,22,19,678831820,731910260,131112498,6977157,19800860,14178238,9281,229378384,563,18,0.93,0.16,0.17,0.08,0,16656824,0,0,16656824,0,0,16656824,0,0,16656824,0,0,16656824,0
JDK_25_OPEN,"-XX:+UseG1GC","-Xms2g -Xmx2g","-wc 0 -mc 1 -t 8","taskset -c 0-7",10k,20260508-213732,org.onebrc.again26.BRC121_UpdatedLoops,29,tNvyVnNau7CVVF2fueePRBSsePo5LV3s+SIneAfj0k1appwJJCqWag27xzUuU+3vFSEcGadeMjthc57sBmGOrw==,27,18,655860261,745627780,135313808,6950899,17361291,13996593,9299,278602971,574,16,0.88,0.20,0.21,0.10,0,16660072,0,0,16660072,0,0,16660072,0,0,16660072,0,0,16660072,0
JDK_25_OPEN,"-XX:+UseG1GC","-Xms2g -Xmx2g","-wc 0 -mc 1 -t 8","taskset -c 0-7",10k,20260508-213732,org.onebrc.again26.BRC123_121plus105_VOID,25,tNvyVnNau7CVVF2fueePRBSsePo5LV3s+SIneAfj0k1appwJJCqWag27xzUuU+3vFSEcGadeMjthc57sBmGOrw==,23,19,671779382,724954433,132698928,7044948,19699247,15307397,9270,240497857,565,19,0.93,0.17,0.18,0.08,0,16660296,0,0,16660296,0,0,16660296,0,0,16660296,0,0,16660296,0
JDK_25_OPEN,"-XX:+UseG1GC","-Xms2g -Xmx2g","-wc 0 -mc 1 -t 8","taskset -c 0-7",10k,20260508-213732,org.onebrc.again26.BRC125_Refined_121,23,tNvyVnNau7CVVF2fueePRBSsePo5LV3s+SIneAfj0k1appwJJCqWag27xzUuU+3vFSEcGadeMjthc57sBmGOrw==,21,18,696190676,704427598,130023479,6917946,17014138,14135267,9270,219384427,584,7,0.99,0.16,0.16,0.07,0,16659464,0,0,16659464,0,0,16659464,0,0,16659464,0,0,16659464,0
JDK_25_OPEN,"-XX:+UseG1GC","-Xms2g -Xmx2g","-wc 0 -mc 1 -t 8","taskset -c 0-7",10k,20260508-213732,org.onebrc.again26.BRC127_ParsingTempAI_VOID,22,tNvyVnNau7CVVF2fueePRBSsePo5LV3s+SIneAfj0k1appwJJCqWag27xzUuU+3vFSEcGadeMjthc57sBmGOrw==,44,32,616919222,666121832,118340663,6998177,17735690,15050499,7737,369919593,616,20,0.93,0.23,0.30,0.09,0,16660472,0,0,16660472,0,0,16660472,0,0,16660472,0,0,16660472,0
JDK_25_OPEN,"-XX:+UseG1GC","-Xms2g -Xmx2g","-wc 0 -mc 1 -t 8","taskset -c 0-7",10k,20260508-213732,org.onebrc.again26.BRC000_Empty,0,z4PhNX7vuL3xVChQ1m2AB9Yg5AULVxXcg/SpIdNs6c5H0NE8XYXysP+DGNKHfuwvY7kxvUdBeoGlODJ6+SfaPg==,0,0,409681964,445547302,80582182,4734062,10874342,11017461,7103,276024272,300,16,0.92,0.22,0.19,0.12,0,16643856,0,0,16643856,0,0,16643856,0,0,16643856,0,0,16643856,0
JDK_25_OPEN,"-XX:+UseG1GC","-Xms2g -Xmx2g","-wc 0 -mc 1 -t 8","taskset -c 0-7",10k,20260508-213732,org.onebrc.again26.BRC001_Baseline,147,KKnym6bvAbvJKBh8OQTRvGyt/dxiPRE3zLCyGPqKquKooIT05rf/fD3F0IDhM9ZF4n0bSRi6c4x84xf0llwtoA==,101,72,1612901681,1801092690,330615625,15136399,56618679,29339326,12886,633570285,491,34,0.90,0.25,0.56,0.09,0,16656216,0,0,16656216,0,0,16656216,0,0,16656216,0,0,16656216,0
